Beta,err_f,err_fs,err_fimp
0.01,0.017386634387362515,0.017098275102618507,0.016971316584047658
0.1,0.016899968024757038,0.016815353074547408,0.0172510648919888
0.2,0.016837439873199814,0.01671631302415175,0.017678998948527397
0.5,0.01753839473394888,0.016492075528557366,0.01648472393056046
1.0,0.01928935366208962,0.016851801634766034,0.01581993620907651
2.0,0.02323320559653637,0.013042273200609224,0.012376205297688252
5.0,0.03930637556874541,0.008322505939483279,0.004435782446982009
10.0,0.07865901918085012,0.007689479983525417,0.001437936426290375
