Scale,err_f,err_fs,err_fimp
0.1,0.3514061113119166,0.09577264597719791,0.07608265066724088
0.5,0.28001614802809416,0.10431207837508165,0.09166716320019151
1.0,0.2152230354011455,0.1386968080759481,0.14488426413290725
5.0,0.17805286065521211,0.174055607226601,0.17420824701282875
10.0,0.1766505171814163,0.17491931165527264,0.17514273818999646
100.0,0.17573102013316377,0.17555800838339822,0.17563784270861696
