Scale,err_f,err_fs,err_fimp
0.001,0.35772745942934514,0.0,0.013292358241957581
0.01,0.3631824561246182,0.4149643683155491,0.0
0.1,0.35941788748450626,0.030127443576462153,2.1011729475679344e-06
1.0,0.3565895704878697,0.1301660306309271,0.19740714703008105
10.0,0.21309087550876143,0.1579018732225799,0.15569015885432325
100.0,0.1818011462062055,0.18093202971618508,0.17539441234518374
1000.0,0.18031550318869607,0.18119723101397,0.17577307578632606
10000.0,0.1805892247141942,0.18040778776630048,0.17601956339064104
