model,beta,bias,alpha,weights,num_manipulated,num_improved,improvement_rate
Optimal Linear classifier (f*),1.0,1.4192495346069336,"[1.0, 0.5, 1.0, 1.0, 10.0, 10.0]","[-0.10621519386768341, -0.47503140568733215, 0.1887040138244629, 0.049835119396448135, 0.061721332371234894, 0.8037473559379578]",14,5,0.35714285714285715
Strategic (f*_s),1.0,1.1113221645355225,"[1.0, 0.5, 1.0, 1.0, 10.0, 10.0]","[-0.0678749606013298, -0.44060713052749634, 0.1303657591342926, 0.04112574830651283, 0.1363726258277893, 0.8785862922668457]",60,22,0.36666666666666664
Strat-Imp-Aware (f*_imp),1.0,1.166014313697815,"[1.0, 0.5, 1.0, 1.0, 10.0, 10.0]","[-0.19283269345760345, -0.5897002816200256, 0.0812525749206543, 0.016261767596006393, 0.09498869627714157, 1.0747921466827393]",29,5,0.1724137931034483
Optimal Linear classifier (f*),1.0,0.7690652012825012,"[1.0, 0.5, 1.0, 1.0, 10.0, 10.0]","[0.1881125271320343, 0.5732751488685608, 0.5754749774932861, 0.15502919256687164, -0.1854362040758133, 0.5537616014480591]",1267,214,0.16890292028413575
Strategic (f*_s),1.0,0.03853362798690796,"[1.0, 0.5, 1.0, 1.0, 10.0, 10.0]","[0.32610630989074707, 0.005458085797727108, 0.6578311324119568, 0.29882925748825073, -0.36293524503707886, 0.9463647603988647]",1087,75,0.06899724011039558
Strat-Imp-Aware (f*_imp),1.0,1.503621220588684,"[1.0, 0.5, 1.0, 1.0, 10.0, 10.0]","[-0.19414152204990387, -0.7197099328041077, 0.6566398739814758, 0.05070040002465248, -0.023558082059025764, 1.237550973892212]",191,54,0.28272251308900526
