Scale,err_f,err_fs,err_fimp
0.5,0.38611554083367566,0.21530644193436338,0.20879561515614287
1.0,0.32323111045718506,0.25350168964073005,0.2521547048792405
2.0,0.2970795281356066,0.27521442266917595,0.27589765375991276
5.0,0.28614193761788526,0.28413778459132255,0.28409958029238125
10.0,0.2851020061753418,0.2847450158078812,0.28475875680052654
100.0,0.28477667756664654,0.2847911274490873,0.28488004849116666
